ID,Independent Variable 1,Independent Variable 2,Independent Variable 3,Independent Variable 4,Independent Variable 5,Independent Variable 6,Independent Variable 7,ROOT_CAUSE
1,0,0,0,1,1,1,0,MEMORY_LEAK
2,0,0,1,0,1,0,0,NETWORK_DELAY
3,1,1,0,1,1,0,1,DATABASE_ISSUE
4,1,1,1,1,0,1,0,DATABASE_ISSUE
5,0,0,0,0,1,0,0,NETWORK_DELAY
6,1,0,0,1,0,1,0,NETWORK_DELAY
7,1,0,0,0,1,0,0,NETWORK_DELAY
8,1,0,0,1,0,1,0,NETWORK_DELAY
9,0,0,1,1,1,1,0,DATABASE_ISSUE
10,0,0,1,1,1,1,1,DATABASE_ISSUE
11,1,1,1,1,1,0,1,DATABASE_ISSUE
12,0,1,0,0,1,1,1,DATABASE_ISSUE
13,1,0,0,1,0,0,0,MEMORY_LEAK
14,1,0,0,1,1,0,1,DATABASE_ISSUE
15,0,0,1,0,0,1,0,MEMORY_LEAK
16,0,1,0,0,1,0,1,NETWORK_DELAY
17,1,0,0,1,0,1,0,NETWORK_DELAY
18,1,1,1,0,0,1,1,NETWORK_DELAY
19,0,0,0,1,0,0,0,MEMORY_LEAK
20,0,1,0,0,0,0,0,MEMORY_LEAK
21,0,1,0,0,0,1,1,NETWORK_DELAY
22,0,1,1,0,1,0,0,DATABASE_ISSUE
23,0,1,0,1,1,0,1,DATABASE_ISSUE
24,0,0,1,0,0,1,1,NETWORK_DELAY
25,1,0,1,0,0,0,1,NETWORK_DELAY
26,1,0,0,1,0,0,0,MEMORY_LEAK
27,0,1,0,1,1,1,0,DATABASE_ISSUE
28,1,0,1,1,0,1,0,NETWORK_DELAY
29,0,0,0,0,1,0,0,NETWORK_DELAY
30,0,1,0,1,0,1,0,NETWORK_DELAY
31,0,0,1,0,0,1,1,NETWORK_DELAY
32,0,1,0,0,1,1,1,DATABASE_ISSUE
33,0,0,0,0,0,1,0,MEMORY_LEAK
34,0,0,0,0,1,0,0,NETWORK_DELAY
35,1,1,1,1,1,1,1,DATABASE_ISSUE
36,1,0,1,1,0,1,1,DATABASE_ISSUE
37,1,0,0,0,0,0,1,MEMORY_LEAK
38,1,1,1,0,0,1,1,NETWORK_DELAY
39,1,1,1,0,0,0,0,NETWORK_DELAY
40,0,1,0,1,1,1,0,DATABASE_ISSUE
41,0,1,0,0,0,1,0,MEMORY_LEAK
42,1,1,1,1,1,0,1,DATABASE_ISSUE
43,1,1,0,0,0,1,0,MEMORY_LEAK
44,1,0,1,1,0,1,0,NETWORK_DELAY
45,1,1,0,1,1,0,0,DATABASE_ISSUE
46,1,0,0,1,0,0,1,NETWORK_DELAY
47,1,0,1,0,0,0,1,NETWORK_DELAY
48,1,1,1,1,0,1,0,DATABASE_ISSUE
49,1,1,0,0,0,0,1,NETWORK_DELAY
50,1,0,0,0,1,1,0,NETWORK_DELAY
51,0,0,0,1,1,1,0,DATABASE_ISSUE
52,1,0,1,1,1,0,1,DATABASE_ISSUE
53,0,1,0,1,0,1,1,NETWORK_DELAY
54,1,1,1,0,1,1,0,DATABASE_ISSUE
55,0,1,1,1,1,0,0,DATABASE_ISSUE
56,0,1,1,0,0,0,0,NETWORK_DELAY
57,0,1,0,0,0,1,0,MEMORY_LEAK
58,1,0,1,0,1,0,1,DATABASE_ISSUE
59,1,0,1,1,1,1,0,DATABASE_ISSUE
60,0,0,1,0,0,1,1,NETWORK_DELAY
61,1,0,1,1,0,0,0,NETWORK_DELAY
62,1,1,0,0,1,0,1,DATABASE_ISSUE
63,1,1,0,1,0,0,0,NETWORK_DELAY
64,0,1,1,1,0,0,0,NETWORK_DELAY
65,0,0,0,0,1,0,1,NETWORK_DELAY
66,1,0,0,0,1,0,0,NETWORK_DELAY
67,0,1,0,0,0,1,1,NETWORK_DELAY
68,0,1,1,1,1,0,0,DATABASE_ISSUE
69,0,1,1,1,0,0,0,NETWORK_DELAY
70,0,1,1,1,1,0,0,DATABASE_ISSUE
71,0,1,1,0,1,0,0,DATABASE_ISSUE
72,1,1,0,0,0,1,1,NETWORK_DELAY
73,1,0,1,0,1,1,0,NETWORK_DELAY
74,1,0,0,1,1,0,1,DATABASE_ISSUE
75,0,0,0,1,1,1,0,DATABASE_ISSUE
76,1,1,0,0,1,0,0,NETWORK_DELAY
77,0,1,1,1,0,1,0,DATABASE_ISSUE
78,0,0,0,1,1,1,0,DATABASE_ISSUE
79,1,1,1,0,1,1,1,DATABASE_ISSUE
80,1,1,0,0,1,0,1,DATABASE_ISSUE
81,1,0,1,1,0,1,1,DATABASE_ISSUE
82,1,0,0,1,1,0,1,DATABASE_ISSUE
83,1,1,0,1,0,1,1,DATABASE_ISSUE
84,1,0,1,1,1,0,0,DATABASE_ISSUE
85,1,0,0,1,1,1,1,DATABASE_ISSUE
86,1,1,1,1,0,0,0,DATABASE_ISSUE
87,1,0,0,0,1,0,1,NETWORK_DELAY
88,1,1,1,0,1,1,1,DATABASE_ISSUE
89,0,1,0,0,0,1,1,NETWORK_DELAY
90,1,1,0,0,0,1,1,NETWORK_DELAY
91,0,1,1,0,0,1,0,NETWORK_DELAY
92,0,0,0,1,0,1,1,NETWORK_DELAY
93,0,1,1,0,0,1,1,NETWORK_DELAY
94,1,0,1,1,1,0,0,DATABASE_ISSUE
95,0,0,0,1,0,1,0,NETWORK_DELAY
96,0,1,1,0,0,0,1,NETWORK_DELAY
97,0,1,0,0,0,0,1,MEMORY_LEAK
98,1,0,1,0,0,1,1,NETWORK_DELAY
99,1,0,0,1,1,0,0,NETWORK_DELAY
100,0,0,1,0,0,1,0,MEMORY_LEAK
101,1,1,0,1,0,0,0,NETWORK_DELAY
102,0,0,0,1,1,1,1,DATABASE_ISSUE
103,0,0,0,1,1,1,0,DATABASE_ISSUE
104,0,0,0,0,0,1,0,MEMORY_LEAK
105,0,0,1,0,0,1,0,MEMORY_LEAK
106,1,0,0,0,1,1,0,NETWORK_DELAY
107,0,0,0,1,1,0,0,NETWORK_DELAY
108,1,0,0,0,1,1,1,NETWORK_DELAY
109,0,1,0,1,1,0,0,DATABASE_ISSUE
110,0,1,1,0,1,1,0,DATABASE_ISSUE
111,1,0,1,0,0,1,1,NETWORK_DELAY
112,1,0,0,1,0,1,0,NETWORK_DELAY
113,0,0,0,1,1,1,0,DATABASE_ISSUE
114,1,0,0,0,1,0,0,NETWORK_DELAY
115,1,1,0,0,1,1,0,NETWORK_DELAY
116,1,1,0,0,1,1,1,DATABASE_ISSUE
117,0,1,1,0,0,0,1,NETWORK_DELAY
118,0,1,0,1,0,1,1,NETWORK_DELAY
119,0,0,1,1,1,0,1,DATABASE_ISSUE
120,1,1,1,1,0,1,0,DATABASE_ISSUE
121,0,0,0,1,0,0,0,MEMORY_LEAK
122,1,0,1,0,1,1,1,DATABASE_ISSUE
123,0,1,0,1,0,0,1,NETWORK_DELAY
124,0,1,1,1,0,0,0,NETWORK_DELAY
125,1,1,1,0,1,0,1,DATABASE_ISSUE
126,1,0,1,1,0,1,0,NETWORK_DELAY
127,0,1,0,0,0,0,0,MEMORY_LEAK
128,0,0,1,1,1,1,1,DATABASE_ISSUE
129,1,0,0,1,0,0,1,NETWORK_DELAY
130,1,1,0,1,1,1,0,DATABASE_ISSUE
131,1,1,0,0,1,1,1,DATABASE_ISSUE
132,0,0,0,1,1,0,1,DATABASE_ISSUE
133,1,0,0,0,1,1,0,NETWORK_DELAY
134,0,1,1,0,0,1,1,NETWORK_DELAY
135,0,0,0,0,0,1,1,MEMORY_LEAK
136,1,0,1,1,0,1,1,DATABASE_ISSUE
137,1,1,0,0,0,0,0,MEMORY_LEAK
138,0,0,0,1,1,0,1,DATABASE_ISSUE
139,1,1,0,1,0,0,1,NETWORK_DELAY
140,1,0,1,1,1,0,0,DATABASE_ISSUE
141,0,1,1,1,0,1,1,DATABASE_ISSUE
142,1,0,0,1,1,1,1,DATABASE_ISSUE
143,0,1,0,0,0,1,1,NETWORK_DELAY
144,1,0,1,1,0,1,1,DATABASE_ISSUE
145,1,1,1,1,1,0,0,DATABASE_ISSUE
146,1,1,1,0,1,0,0,DATABASE_ISSUE
147,0,0,0,1,0,0,0,MEMORY_LEAK
148,1,1,1,1,0,1,0,DATABASE_ISSUE
149,1,0,1,1,0,0,1,NETWORK_DELAY
150,0,1,1,0,1,0,0,DATABASE_ISSUE
151,0,0,0,1,1,0,1,DATABASE_ISSUE
152,0,1,1,1,0,0,0,NETWORK_DELAY
153,0,0,0,1,0,0,1,NETWORK_DELAY
154,1,0,1,0,1,1,0,NETWORK_DELAY
155,0,1,1,1,1,0,1,DATABASE_ISSUE
156,0,0,1,1,0,0,1,NETWORK_DELAY
157,1,1,1,1,1,0,1,DATABASE_ISSUE
158,1,1,0,0,0,1,0,MEMORY_LEAK
159,1,0,1,0,1,1,0,NETWORK_DELAY
160,0,1,1,1,1,0,1,DATABASE_ISSUE
161,1,0,1,1,0,1,1,DATABASE_ISSUE
162,1,1,0,0,1,0,0,NETWORK_DELAY
163,1,1,0,0,1,1,0,NETWORK_DELAY
164,0,0,1,1,0,0,1,NETWORK_DELAY
165,0,0,0,0,0,0,1,MEMORY_LEAK
166,1,0,1,0,0,1,0,MEMORY_LEAK
167,1,0,1,0,0,0,1,NETWORK_DELAY
168,1,0,1,0,0,1,0,MEMORY_LEAK
169,1,1,0,1,0,1,1,DATABASE_ISSUE
170,0,0,1,0,1,0,0,NETWORK_DELAY
171,1,1,1,0,1,1,0,DATABASE_ISSUE
172,1,1,0,0,1,0,0,NETWORK_DELAY
173,1,1,0,0,0,0,0,MEMORY_LEAK
174,1,1,0,0,0,1,0,MEMORY_LEAK
175,0,0,0,1,1,0,1,DATABASE_ISSUE
176,0,1,1,1,1,0,0,DATABASE_ISSUE
177,0,1,0,1,1,1,0,DATABASE_ISSUE
178,1,1,0,1,0,1,0,NETWORK_DELAY
179,0,1,1,0,0,0,0,NETWORK_DELAY
180,0,0,1,1,1,0,0,DATABASE_ISSUE
181,0,1,0,1,0,1,1,NETWORK_DELAY
182,1,0,1,1,1,0,1,DATABASE_ISSUE
183,0,1,0,1,1,0,0,DATABASE_ISSUE
184,0,1,1,0,1,1,1,DATABASE_ISSUE
185,1,0,0,1,1,0,1,DATABASE_ISSUE
186,1,0,1,1,1,0,1,DATABASE_ISSUE
187,1,1,1,0,1,0,1,DATABASE_ISSUE
188,1,0,0,1,0,1,0,NETWORK_DELAY
189,1,0,1,0,0,1,1,NETWORK_DELAY
190,1,0,0,0,0,0,0,MEMORY_LEAK
191,1,1,0,1,0,0,1,NETWORK_DELAY
192,1,0,0,0,1,1,1,NETWORK_DELAY
193,1,1,0,0,0,0,0,MEMORY_LEAK
194,0,1,0,1,0,0,0,NETWORK_DELAY
195,1,0,1,1,1,1,1,DATABASE_ISSUE
196,0,1,0,0,1,0,0,NETWORK_DELAY
197,0,0,1,1,1,1,0,DATABASE_ISSUE
198,1,0,0,1,1,1,1,DATABASE_ISSUE
199,1,0,0,1,0,1,1,NETWORK_DELAY
200,1,1,0,1,0,1,0,NETWORK_DELAY
201,0,0,0,0,1,1,1,NETWORK_DELAY
202,1,1,0,1,1,0,1,DATABASE_ISSUE
203,0,0,1,0,1,0,1,DATABASE_ISSUE
204,0,1,1,1,1,0,1,DATABASE_ISSUE
205,1,1,1,1,1,0,0,DATABASE_ISSUE
206,0,0,0,1,0,0,1,NETWORK_DELAY
207,0,1,0,0,0,1,0,MEMORY_LEAK
208,0,1,0,0,0,0,1,MEMORY_LEAK
209,0,0,0,0,0,0,0,MEMORY_LEAK
210,1,1,0,1,0,0,0,NETWORK_DELAY
211,1,1,1,1,0,0,0,DATABASE_ISSUE
212,1,0,1,0,1,0,1,DATABASE_ISSUE
213,1,0,1,1,0,1,0,NETWORK_DELAY
214,0,1,1,1,0,0,0,NETWORK_DELAY
215,1,0,1,0,0,0,1,NETWORK_DELAY
216,1,0,1,1,0,1,1,DATABASE_ISSUE
217,0,0,1,1,0,1,0,NETWORK_DELAY
218,0,1,0,1,1,1,0,DATABASE_ISSUE
219,0,0,1,0,0,0,1,NETWORK_DELAY
220,1,1,1,1,0,1,0,DATABASE_ISSUE
221,1,1,0,1,1,1,1,DATABASE_ISSUE
222,0,0,0,0,0,1,1,MEMORY_LEAK
223,0,1,1,0,0,1,1,NETWORK_DELAY
224,0,1,1,1,0,0,0,NETWORK_DELAY
225,1,0,1,1,0,1,1,DATABASE_ISSUE
226,0,1,0,1,0,1,0,NETWORK_DELAY
227,1,0,1,0,1,0,0,NETWORK_DELAY
228,0,0,0,0,1,1,0,NETWORK_DELAY
229,1,1,0,1,0,0,1,NETWORK_DELAY
230,0,1,1,0,1,1,0,DATABASE_ISSUE
231,1,0,0,1,0,0,1,NETWORK_DELAY
232,1,1,0,0,0,1,1,NETWORK_DELAY
233,1,1,1,0,0,0,0,NETWORK_DELAY
234,0,1,1,0,1,0,0,DATABASE_ISSUE
235,1,1,1,1,1,1,0,DATABASE_ISSUE
236,0,1,1,1,0,1,1,DATABASE_ISSUE
237,1,1,1,0,0,0,0,NETWORK_DELAY
238,1,0,0,1,1,1,0,DATABASE_ISSUE
239,1,0,1,0,0,1,0,MEMORY_LEAK
240,0,0,0,1,0,0,1,NETWORK_DELAY
241,0,0,0,0,0,1,0,MEMORY_LEAK
242,1,1,1,0,1,0,0,DATABASE_ISSUE
243,0,0,1,1,1,0,0,DATABASE_ISSUE
244,1,1,1,0,0,1,0,NETWORK_DELAY
245,1,0,1,1,1,1,0,DATABASE_ISSUE
246,1,0,0,1,0,1,1,NETWORK_DELAY
247,1,1,0,0,1,0,0,NETWORK_DELAY
248,0,1,0,0,1,1,0,NETWORK_DELAY
249,0,0,0,0,0,1,0,MEMORY_LEAK
250,0,1,0,0,1,0,1,NETWORK_DELAY
251,1,0,1,0,0,0,0,MEMORY_LEAK
252,1,0,1,1,0,1,1,DATABASE_ISSUE
253,1,0,1,1,0,0,0,NETWORK_DELAY
254,1,1,0,0,1,1,1,DATABASE_ISSUE
255,1,0,0,1,0,0,1,NETWORK_DELAY
256,1,0,1,1,0,1,0,NETWORK_DELAY
257,0,1,0,1,0,0,0,NETWORK_DELAY
258,1,0,1,1,1,1,1,DATABASE_ISSUE
259,1,0,0,1,0,0,0,MEMORY_LEAK
260,1,0,0,1,1,1,1,DATABASE_ISSUE
261,0,1,0,1,1,1,0,DATABASE_ISSUE
262,1,0,0,0,1,1,1,NETWORK_DELAY
263,1,0,1,0,0,1,1,NETWORK_DELAY
264,1,0,0,1,0,1,1,NETWORK_DELAY
265,1,1,0,1,1,0,1,DATABASE_ISSUE
266,1,0,1,1,1,1,0,DATABASE_ISSUE
267,0,0,0,1,1,0,1,DATABASE_ISSUE
268,0,1,0,1,0,0,1,NETWORK_DELAY
269,1,1,1,1,1,0,0,DATABASE_ISSUE
270,1,1,1,0,1,0,0,DATABASE_ISSUE
271,1,1,1,1,1,0,0,DATABASE_ISSUE
272,1,1,0,1,1,0,1,DATABASE_ISSUE
273,0,1,1,0,1,1,1,DATABASE_ISSUE
274,1,0,0,0,1,1,1,NETWORK_DELAY
275,0,0,1,0,0,0,1,NETWORK_DELAY
276,0,0,1,0,0,0,1,NETWORK_DELAY
277,0,0,1,0,1,1,1,DATABASE_ISSUE
278,1,0,0,0,0,0,0,MEMORY_LEAK
279,0,1,1,0,1,0,0,DATABASE_ISSUE
280,0,0,1,0,1,0,1,DATABASE_ISSUE
281,1,0,0,1,0,1,1,NETWORK_DELAY
282,0,0,0,1,1,1,1,DATABASE_ISSUE
283,0,1,1,1,0,0,1,DATABASE_ISSUE
284,0,0,1,0,0,0,0,MEMORY_LEAK
285,1,0,0,1,1,1,1,DATABASE_ISSUE
286,0,0,0,1,0,1,0,NETWORK_DELAY
287,1,0,1,1,1,0,1,DATABASE_ISSUE
288,1,1,0,1,1,0,1,DATABASE_ISSUE
289,1,1,1,0,0,1,0,NETWORK_DELAY
290,0,0,1,1,0,1,0,NETWORK_DELAY
291,0,0,0,1,0,0,0,MEMORY_LEAK
292,1,1,0,0,1,0,1,DATABASE_ISSUE
293,1,0,1,1,1,0,1,DATABASE_ISSUE
294,0,0,0,1,0,0,0,MEMORY_LEAK
295,0,0,0,1,0,1,1,NETWORK_DELAY
296,1,1,0,0,0,0,1,NETWORK_DELAY
297,1,1,0,0,0,0,0,MEMORY_LEAK
298,0,0,1,0,0,0,0,MEMORY_LEAK
299,1,0,0,1,0,1,1,NETWORK_DELAY
300,1,0,0,0,1,0,0,NETWORK_DELAY
301,1,1,0,0,1,0,0,NETWORK_DELAY
302,1,0,1,0,1,0,1,DATABASE_ISSUE
303,0,0,1,1,1,1,1,DATABASE_ISSUE
304,1,0,1,1,0,0,1,NETWORK_DELAY
305,0,1,0,0,1,1,1,DATABASE_ISSUE
306,0,1,0,1,1,1,1,DATABASE_ISSUE
307,0,1,1,0,1,1,0,DATABASE_ISSUE
308,1,1,0,0,1,1,1,DATABASE_ISSUE
309,0,0,0,1,0,1,1,NETWORK_DELAY
310,1,0,0,0,1,1,1,NETWORK_DELAY
311,0,1,1,0,1,1,1,DATABASE_ISSUE
312,1,1,1,0,0,0,0,NETWORK_DELAY
313,1,0,1,0,1,1,1,DATABASE_ISSUE
314,1,1,0,1,1,0,1,DATABASE_ISSUE
315,0,1,1,0,0,0,1,NETWORK_DELAY
316,1,0,0,0,0,1,0,MEMORY_LEAK
317,1,1,1,0,1,0,1,DATABASE_ISSUE
318,1,1,0,0,1,1,0,NETWORK_DELAY
319,1,1,1,0,1,0,0,DATABASE_ISSUE
320,1,1,1,0,0,1,0,NETWORK_DELAY
321,0,1,1,0,0,0,0,NETWORK_DELAY
322,0,1,1,1,1,1,0,DATABASE_ISSUE
323,1,1,1,0,1,1,1,DATABASE_ISSUE
324,0,1,0,0,0,0,1,MEMORY_LEAK
325,1,0,1,1,0,0,0,NETWORK_DELAY
326,0,1,0,1,1,1,1,DATABASE_ISSUE
327,1,1,1,1,0,0,1,DATABASE_ISSUE
328,0,0,1,1,1,1,1,DATABASE_ISSUE
329,1,0,0,1,0,0,0,MEMORY_LEAK
330,1,0,0,1,0,1,0,NETWORK_DELAY
331,0,1,0,1,1,1,1,DATABASE_ISSUE
332,0,1,1,0,0,0,1,NETWORK_DELAY
333,1,1,1,0,0,0,0,NETWORK_DELAY
334,0,0,0,0,0,1,0,MEMORY_LEAK
335,1,1,0,0,1,1,0,NETWORK_DELAY
336,0,1,0,1,0,0,0,NETWORK_DELAY
337,1,0,0,1,0,1,1,NETWORK_DELAY
338,0,1,1,0,0,1,0,NETWORK_DELAY
339,0,0,1,1,0,1,0,NETWORK_DELAY
340,0,0,0,1,1,1,1,DATABASE_ISSUE
341,0,0,1,0,1,0,0,NETWORK_DELAY
342,1,0,0,0,0,1,0,MEMORY_LEAK
343,1,1,1,0,1,1,1,DATABASE_ISSUE
344,0,0,0,1,1,1,1,DATABASE_ISSUE
345,1,1,1,0,1,0,1,DATABASE_ISSUE
346,1,0,1,1,0,1,1,DATABASE_ISSUE
347,0,0,1,0,1,1,1,DATABASE_ISSUE
348,0,1,0,1,0,0,1,NETWORK_DELAY
349,0,1,0,1,0,0,1,NETWORK_DELAY
350,1,0,1,0,0,0,0,MEMORY_LEAK
351,1,0,0,0,1,1,0,NETWORK_DELAY
352,1,1,1,1,1,1,0,DATABASE_ISSUE
353,0,1,0,0,0,1,1,NETWORK_DELAY
354,1,1,0,1,0,1,0,NETWORK_DELAY
355,1,0,1,0,1,1,1,DATABASE_ISSUE
356,1,1,0,0,1,0,0,NETWORK_DELAY
357,1,1,0,1,0,0,0,NETWORK_DELAY
358,0,1,1,1,0,1,0,DATABASE_ISSUE
359,1,0,0,1,0,0,0,MEMORY_LEAK
360,1,0,1,1,1,1,1,DATABASE_ISSUE
361,1,1,0,1,0,1,1,DATABASE_ISSUE
362,1,0,0,0,0,1,0,MEMORY_LEAK
363,1,0,1,0,0,1,1,NETWORK_DELAY
364,0,1,1,1,1,0,0,DATABASE_ISSUE
365,1,1,0,1,1,1,1,DATABASE_ISSUE
366,1,1,1,0,0,0,0,NETWORK_DELAY
367,0,1,1,1,1,1,1,DATABASE_ISSUE
368,0,1,0,1,0,0,0,NETWORK_DELAY
369,0,1,0,1,0,0,1,NETWORK_DELAY
370,1,1,1,1,0,0,0,DATABASE_ISSUE
371,1,0,1,1,0,1,0,NETWORK_DELAY
372,1,0,0,1,1,1,1,DATABASE_ISSUE
373,0,1,0,0,0,0,1,MEMORY_LEAK
374,0,0,0,1,1,1,1,DATABASE_ISSUE
375,1,1,1,0,1,0,0,DATABASE_ISSUE
376,0,0,1,1,1,0,0,DATABASE_ISSUE
377,0,1,0,1,0,1,0,NETWORK_DELAY
378,0,1,0,1,0,0,1,NETWORK_DELAY
379,1,1,0,1,0,1,0,NETWORK_DELAY
380,0,0,1,0,1,1,0,NETWORK_DELAY
381,0,0,0,1,1,1,1,DATABASE_ISSUE
382,1,0,1,0,0,1,1,NETWORK_DELAY
383,1,0,0,0,0,0,0,MEMORY_LEAK
384,0,0,1,1,1,1,0,DATABASE_ISSUE
385,0,1,1,1,1,0,1,DATABASE_ISSUE
386,0,1,0,0,1,0,1,NETWORK_DELAY
387,0,0,1,1,1,1,0,DATABASE_ISSUE
388,0,0,1,1,1,0,1,DATABASE_ISSUE
389,1,0,1,1,1,1,0,DATABASE_ISSUE
390,0,0,0,0,0,0,1,MEMORY_LEAK
391,0,0,1,0,0,0,0,MEMORY_LEAK
392,0,0,1,0,0,1,0,MEMORY_LEAK
393,0,1,1,1,0,1,1,DATABASE_ISSUE
394,0,0,0,1,0,1,0,NETWORK_DELAY
395,0,1,1,1,0,0,1,DATABASE_ISSUE
396,1,1,0,0,1,1,1,DATABASE_ISSUE
397,1,0,1,0,1,0,0,NETWORK_DELAY
398,0,1,1,0,1,1,1,DATABASE_ISSUE
399,1,1,1,1,1,0,0,DATABASE_ISSUE
400,0,0,1,1,0,1,0,NETWORK_DELAY
401,1,0,1,0,1,0,1,DATABASE_ISSUE
402,1,0,0,1,1,0,1,DATABASE_ISSUE
403,1,0,0,0,0,0,0,MEMORY_LEAK
404,1,1,1,0,0,1,0,NETWORK_DELAY
405,1,0,1,0,1,0,1,DATABASE_ISSUE
406,1,0,0,1,1,1,1,DATABASE_ISSUE
407,1,0,1,0,0,1,0,MEMORY_LEAK
408,1,0,0,0,1,0,0,NETWORK_DELAY
409,0,1,1,1,0,0,0,NETWORK_DELAY
410,1,1,1,1,0,0,0,DATABASE_ISSUE
411,1,1,1,1,1,1,1,DATABASE_ISSUE
412,0,1,1,0,0,1,0,NETWORK_DELAY
413,1,0,0,1,0,0,1,NETWORK_DELAY
414,0,1,0,1,1,1,0,DATABASE_ISSUE
415,0,1,1,1,0,0,1,DATABASE_ISSUE
416,0,0,1,0,1,0,1,DATABASE_ISSUE
417,0,0,0,1,0,0,0,MEMORY_LEAK
418,1,1,1,0,0,1,0,NETWORK_DELAY
419,0,1,1,0,0,1,1,NETWORK_DELAY
420,1,1,0,1,0,1,0,NETWORK_DELAY
421,1,0,1,1,0,0,0,NETWORK_DELAY
422,0,0,1,0,0,1,1,NETWORK_DELAY
423,0,1,0,0,1,1,0,NETWORK_DELAY
424,1,0,1,0,0,1,1,NETWORK_DELAY
425,1,0,0,1,0,1,0,NETWORK_DELAY
426,0,1,1,0,0,0,1,NETWORK_DELAY
427,0,0,0,0,1,0,1,NETWORK_DELAY
428,1,1,1,1,1,0,0,DATABASE_ISSUE
429,1,1,0,1,0,1,1,DATABASE_ISSUE
430,0,0,0,0,1,1,0,NETWORK_DELAY
431,0,0,0,0,1,0,0,NETWORK_DELAY
432,0,1,0,1,1,0,0,DATABASE_ISSUE
433,1,0,1,0,1,1,0,NETWORK_DELAY
434,0,1,0,1,1,1,1,DATABASE_ISSUE
435,1,0,1,0,0,0,0,MEMORY_LEAK
436,1,1,1,1,0,0,0,DATABASE_ISSUE
437,1,0,0,1,0,0,0,MEMORY_LEAK
438,1,0,1,1,1,1,1,DATABASE_ISSUE
439,0,1,0,1,1,0,1,DATABASE_ISSUE
440,1,1,1,0,1,1,0,DATABASE_ISSUE
441,1,0,1,1,0,0,0,NETWORK_DELAY
442,0,0,1,1,0,1,0,NETWORK_DELAY
443,0,1,1,0,0,0,0,NETWORK_DELAY
444,0,1,0,0,1,0,0,NETWORK_DELAY
445,1,1,0,0,0,1,1,NETWORK_DELAY
446,0,1,1,1,1,0,1,DATABASE_ISSUE
447,1,1,0,1,0,1,1,DATABASE_ISSUE
448,1,0,0,1,1,0,1,DATABASE_ISSUE
449,1,1,1,1,0,1,1,DATABASE_ISSUE
450,0,0,0,0,0,1,0,MEMORY_LEAK
451,0,1,0,0,0,0,0,MEMORY_LEAK
452,1,1,0,1,0,1,0,NETWORK_DELAY
453,1,1,1,1,1,1,1,DATABASE_ISSUE
454,1,1,1,0,1,0,0,DATABASE_ISSUE
455,0,1,1,1,1,1,1,DATABASE_ISSUE
456,1,1,1,1,1,1,0,DATABASE_ISSUE
457,0,1,0,0,0,1,1,NETWORK_DELAY
458,1,1,0,1,1,1,1,DATABASE_ISSUE
459,0,1,0,0,1,1,0,NETWORK_DELAY
460,0,0,0,1,0,1,0,NETWORK_DELAY
461,1,0,1,1,0,1,0,NETWORK_DELAY
462,0,0,1,1,1,1,0,DATABASE_ISSUE
463,0,1,0,1,1,1,1,DATABASE_ISSUE
464,1,1,0,1,1,1,0,DATABASE_ISSUE
465,1,0,1,1,0,0,1,NETWORK_DELAY
466,1,1,1,0,1,0,0,DATABASE_ISSUE
467,0,0,0,1,0,0,0,MEMORY_LEAK
468,0,1,0,0,0,0,0,MEMORY_LEAK
469,1,1,1,0,1,1,0,DATABASE_ISSUE
470,1,1,0,1,0,1,0,NETWORK_DELAY
471,0,1,0,0,0,1,1,NETWORK_DELAY
472,0,0,1,0,1,0,1,DATABASE_ISSUE
473,1,0,1,0,0,0,0,MEMORY_LEAK
474,0,0,1,1,1,0,1,DATABASE_ISSUE
475,1,0,0,0,0,1,1,MEMORY_LEAK
476,1,0,0,1,0,0,0,MEMORY_LEAK
477,1,1,1,1,0,0,0,DATABASE_ISSUE
478,1,1,1,0,1,0,1,DATABASE_ISSUE
479,0,1,1,0,1,0,0,DATABASE_ISSUE
480,1,1,1,1,1,1,0,DATABASE_ISSUE
481,0,1,0,1,0,0,0,NETWORK_DELAY
482,0,1,0,1,1,1,1,DATABASE_ISSUE
483,1,0,0,1,0,0,0,MEMORY_LEAK
484,0,1,1,0,0,1,0,NETWORK_DELAY
485,1,0,0,0,0,1,1,MEMORY_LEAK
486,0,0,0,0,0,1,0,MEMORY_LEAK
487,1,0,0,0,0,0,0,MEMORY_LEAK
488,0,0,0,1,0,0,0,MEMORY_LEAK
489,1,1,1,0,1,1,1,DATABASE_ISSUE
490,0,0,1,1,1,1,1,DATABASE_ISSUE
491,0,1,1,1,0,1,1,DATABASE_ISSUE
492,1,1,1,0,0,0,0,NETWORK_DELAY
493,1,0,0,1,0,0,1,NETWORK_DELAY
494,0,1,0,1,0,0,0,NETWORK_DELAY
495,1,1,0,0,0,0,1,NETWORK_DELAY
496,0,1,1,0,1,1,0,DATABASE_ISSUE
497,1,0,1,0,1,0,1,DATABASE_ISSUE
498,1,1,0,0,0,1,1,NETWORK_DELAY
499,0,1,0,0,1,1,0,NETWORK_DELAY
500,1,1,1,1,1,1,0,DATABASE_ISSUE
501,0,0,1,0,0,0,0,MEMORY_LEAK
502,0,0,1,1,0,1,1,DATABASE_ISSUE
503,1,1,1,1,0,1,0,DATABASE_ISSUE
504,0,0,0,0,0,0,1,MEMORY_LEAK
505,1,1,1,0,1,0,0,DATABASE_ISSUE
506,1,1,0,1,1,0,0,DATABASE_ISSUE
507,0,0,0,0,0,0,0,MEMORY_LEAK
508,0,0,1,1,0,0,0,NETWORK_DELAY
509,0,0,1,0,1,0,0,NETWORK_DELAY
510,1,1,1,0,1,0,0,DATABASE_ISSUE
511,0,1,0,0,0,0,1,MEMORY_LEAK
512,0,1,0,1,1,1,1,DATABASE_ISSUE
513,0,0,1,0,1,1,1,DATABASE_ISSUE
514,1,1,1,0,1,0,1,DATABASE_ISSUE
515,0,0,1,0,1,0,1,DATABASE_ISSUE
516,1,1,0,0,1,0,1,DATABASE_ISSUE
517,0,0,0,0,0,1,0,MEMORY_LEAK
518,1,1,1,0,1,0,1,DATABASE_ISSUE
519,1,0,1,0,0,1,1,NETWORK_DELAY
520,1,0,0,0,0,1,1,MEMORY_LEAK
521,0,0,1,0,0,1,0,MEMORY_LEAK
522,0,0,0,1,0,1,0,NETWORK_DELAY
523,1,0,1,0,0,1,1,NETWORK_DELAY
524,0,0,0,1,0,1,1,NETWORK_DELAY
525,1,0,0,0,1,0,1,NETWORK_DELAY
526,0,1,0,1,1,0,0,DATABASE_ISSUE
527,1,1,1,1,1,1,1,DATABASE_ISSUE
528,1,0,0,1,0,1,1,NETWORK_DELAY
529,0,0,0,1,1,1,1,DATABASE_ISSUE
530,1,1,1,1,1,1,1,DATABASE_ISSUE
531,1,0,0,0,0,1,1,MEMORY_LEAK
532,0,1,0,0,0,0,1,MEMORY_LEAK
533,1,1,1,1,1,0,1,DATABASE_ISSUE
534,1,1,1,1,1,1,0,DATABASE_ISSUE
535,1,0,1,0,1,0,1,DATABASE_ISSUE
536,0,0,0,0,0,1,0,MEMORY_LEAK
537,0,0,1,0,0,0,0,MEMORY_LEAK
538,1,0,0,0,0,1,0,MEMORY_LEAK
539,0,1,1,1,1,1,1,DATABASE_ISSUE
540,1,0,0,1,0,1,0,NETWORK_DELAY
541,0,1,0,0,1,0,0,NETWORK_DELAY
542,1,0,1,1,1,1,1,DATABASE_ISSUE
543,0,1,1,1,0,1,0,DATABASE_ISSUE
544,1,0,0,1,0,0,1,NETWORK_DELAY
545,0,0,0,1,1,1,0,DATABASE_ISSUE
546,0,1,0,1,1,1,1,DATABASE_ISSUE
547,0,1,1,1,1,0,0,DATABASE_ISSUE
548,1,0,0,0,1,1,1,NETWORK_DELAY
549,1,1,1,0,1,0,1,DATABASE_ISSUE
550,0,1,1,1,0,0,0,NETWORK_DELAY
551,0,0,0,0,0,1,0,MEMORY_LEAK
552,1,1,0,1,0,1,0,NETWORK_DELAY
553,0,0,0,0,1,1,0,NETWORK_DELAY
554,1,0,1,1,1,0,1,DATABASE_ISSUE
555,0,0,0,0,1,1,1,NETWORK_DELAY
556,1,0,1,0,0,0,0,MEMORY_LEAK
557,1,1,0,0,0,0,0,MEMORY_LEAK
558,1,1,1,0,1,0,1,DATABASE_ISSUE
559,1,0,0,1,0,0,1,NETWORK_DELAY
560,1,0,0,1,1,0,1,DATABASE_ISSUE
561,1,1,0,1,1,1,0,DATABASE_ISSUE
562,1,0,1,0,0,1,0,MEMORY_LEAK
563,1,1,1,0,0,0,0,NETWORK_DELAY
564,1,1,1,0,1,1,1,DATABASE_ISSUE
565,0,1,0,0,1,0,1,NETWORK_DELAY
566,1,1,0,0,0,1,1,NETWORK_DELAY
567,1,1,1,1,1,1,1,DATABASE_ISSUE
568,1,1,0,1,0,0,1,NETWORK_DELAY
569,0,1,0,0,0,0,1,MEMORY_LEAK
570,1,0,1,0,1,0,1,DATABASE_ISSUE
571,0,1,1,0,0,0,0,NETWORK_DELAY
572,0,1,1,1,1,1,0,DATABASE_ISSUE
573,0,0,1,0,1,1,1,DATABASE_ISSUE
574,1,0,1,1,0,1,1,DATABASE_ISSUE
575,0,0,1,0,1,1,0,NETWORK_DELAY
576,0,1,0,1,1,1,1,DATABASE_ISSUE
577,0,0,1,1,0,1,0,NETWORK_DELAY
578,0,0,1,0,0,1,0,MEMORY_LEAK
579,1,1,0,0,1,1,0,NETWORK_DELAY
580,1,1,0,0,0,0,1,NETWORK_DELAY
581,1,0,0,1,1,0,0,NETWORK_DELAY
582,0,1,0,1,1,0,1,DATABASE_ISSUE
583,1,0,0,0,0,1,0,MEMORY_LEAK
584,1,0,0,1,0,1,1,NETWORK_DELAY
585,0,0,0,0,0,1,1,MEMORY_LEAK
586,1,0,1,1,0,1,0,NETWORK_DELAY
587,1,0,1,0,1,1,0,NETWORK_DELAY
588,0,1,1,0,0,0,1,NETWORK_DELAY
589,0,0,0,0,1,0,1,NETWORK_DELAY
590,0,1,0,0,1,1,1,DATABASE_ISSUE
591,0,1,0,1,1,1,1,DATABASE_ISSUE
592,1,0,0,0,1,0,0,NETWORK_DELAY
593,0,0,0,1,1,0,1,DATABASE_ISSUE
594,1,0,0,0,0,0,0,MEMORY_LEAK
595,0,0,1,0,0,1,0,MEMORY_LEAK
596,0,0,0,1,1,0,1,DATABASE_ISSUE
597,1,0,0,0,0,0,1,MEMORY_LEAK
598,1,1,1,1,0,0,0,DATABASE_ISSUE
599,0,1,0,1,0,1,1,NETWORK_DELAY
600,1,1,0,1,1,0,1,DATABASE_ISSUE
601,1,1,0,0,0,0,0,MEMORY_LEAK
602,0,0,1,0,1,0,0,NETWORK_DELAY
603,0,0,1,0,1,1,0,NETWORK_DELAY
604,1,0,0,0,1,1,1,NETWORK_DELAY
605,1,0,0,0,0,1,1,MEMORY_LEAK
606,1,1,1,0,0,0,1,NETWORK_DELAY
607,0,0,1,1,1,1,1,DATABASE_ISSUE
608,0,1,1,1,1,1,1,DATABASE_ISSUE
609,0,0,0,1,1,0,1,DATABASE_ISSUE
610,1,1,0,1,0,1,1,DATABASE_ISSUE
611,0,0,0,1,1,1,0,DATABASE_ISSUE
612,0,0,1,1,0,0,0,NETWORK_DELAY
613,1,1,1,1,0,1,0,DATABASE_ISSUE
614,1,1,1,1,1,0,0,DATABASE_ISSUE
615,0,0,0,1,1,1,0,DATABASE_ISSUE
616,0,1,0,0,1,1,1,DATABASE_ISSUE
617,0,1,0,0,1,1,0,NETWORK_DELAY
618,1,1,0,0,1,0,0,NETWORK_DELAY
619,0,1,0,1,0,1,1,NETWORK_DELAY
620,1,0,0,0,0,1,0,MEMORY_LEAK
621,1,1,1,0,1,1,0,DATABASE_ISSUE
622,1,1,0,0,1,1,1,DATABASE_ISSUE
623,0,0,1,1,0,1,1,DATABASE_ISSUE
624,1,1,0,1,0,1,0,NETWORK_DELAY
625,0,1,1,1,1,1,0,DATABASE_ISSUE
626,1,0,0,1,0,1,1,NETWORK_DELAY
627,0,1,1,1,0,0,1,DATABASE_ISSUE
628,1,1,0,0,1,1,0,NETWORK_DELAY
629,1,0,0,1,1,1,0,DATABASE_ISSUE
630,1,1,0,1,1,0,0,DATABASE_ISSUE
631,1,0,1,0,1,1,1,DATABASE_ISSUE
632,0,1,1,1,0,1,1,DATABASE_ISSUE
633,1,0,0,1,0,1,1,NETWORK_DELAY
634,0,0,0,1,1,0,0,NETWORK_DELAY
635,1,1,0,1,1,1,0,DATABASE_ISSUE
636,1,0,0,1,0,1,1,NETWORK_DELAY
637,1,1,0,0,0,0,1,NETWORK_DELAY
638,0,1,0,0,0,0,0,MEMORY_LEAK
639,0,1,0,1,1,0,1,DATABASE_ISSUE
640,0,0,1,0,0,0,1,NETWORK_DELAY
641,0,1,0,1,0,1,0,NETWORK_DELAY
642,1,0,1,1,1,0,1,DATABASE_ISSUE
643,0,0,1,0,0,1,0,MEMORY_LEAK
644,1,0,0,0,0,1,1,MEMORY_LEAK
645,1,1,1,0,1,0,1,DATABASE_ISSUE
646,1,0,0,1,0,1,1,NETWORK_DELAY
647,0,1,0,1,0,0,0,NETWORK_DELAY
648,0,0,0,1,1,1,1,DATABASE_ISSUE
649,1,1,1,0,1,1,1,DATABASE_ISSUE
650,1,1,0,1,0,1,0,NETWORK_DELAY
651,1,1,1,0,0,1,0,NETWORK_DELAY
652,0,0,1,1,0,0,0,NETWORK_DELAY
653,1,1,0,0,1,0,1,DATABASE_ISSUE
654,0,1,1,0,1,1,1,DATABASE_ISSUE
655,1,0,1,0,0,0,0,MEMORY_LEAK
656,0,1,0,1,1,1,1,DATABASE_ISSUE
657,0,1,1,1,1,0,0,DATABASE_ISSUE
658,0,1,1,0,1,0,0,DATABASE_ISSUE
659,1,1,1,0,1,1,1,DATABASE_ISSUE
660,1,0,1,0,1,0,0,NETWORK_DELAY
661,0,1,0,0,1,1,0,NETWORK_DELAY
662,0,1,1,1,0,0,0,NETWORK_DELAY
663,1,1,1,0,0,1,1,NETWORK_DELAY
664,1,0,0,0,1,1,0,NETWORK_DELAY
665,1,1,1,1,0,1,1,DATABASE_ISSUE
666,0,0,0,0,1,0,1,NETWORK_DELAY
667,1,1,0,0,1,1,1,DATABASE_ISSUE
668,0,1,0,1,1,0,0,DATABASE_ISSUE
669,0,0,0,0,1,1,0,NETWORK_DELAY
670,0,1,1,1,0,0,1,DATABASE_ISSUE
671,1,1,1,1,0,1,0,DATABASE_ISSUE
672,0,0,1,1,0,0,0,NETWORK_DELAY
673,1,1,0,0,1,0,1,DATABASE_ISSUE
674,0,1,0,1,1,1,1,DATABASE_ISSUE
675,0,1,0,1,0,0,1,NETWORK_DELAY
676,1,0,1,1,0,0,1,NETWORK_DELAY
677,0,1,1,0,1,0,1,DATABASE_ISSUE
678,0,1,1,1,0,1,1,DATABASE_ISSUE
679,1,0,0,1,1,1,1,DATABASE_ISSUE
680,1,1,1,0,0,1,0,NETWORK_DELAY
681,0,1,1,1,0,0,1,DATABASE_ISSUE
682,1,0,0,1,0,0,1,NETWORK_DELAY
683,0,0,0,0,0,0,1,MEMORY_LEAK
684,1,1,0,1,0,0,1,NETWORK_DELAY
685,0,0,0,1,1,1,1,DATABASE_ISSUE
686,0,0,1,1,1,0,0,DATABASE_ISSUE
687,1,0,1,0,0,0,0,MEMORY_LEAK
688,0,1,0,0,1,0,1,NETWORK_DELAY
689,1,0,0,1,1,1,1,DATABASE_ISSUE
690,1,1,0,1,0,0,0,NETWORK_DELAY
691,1,0,0,0,0,1,1,MEMORY_LEAK
692,1,0,1,1,1,0,1,DATABASE_ISSUE
693,0,0,0,0,0,1,1,MEMORY_LEAK
694,0,1,0,1,0,1,1,NETWORK_DELAY
695,0,1,1,1,1,1,1,DATABASE_ISSUE
696,1,1,0,1,1,1,0,DATABASE_ISSUE
697,0,0,1,0,0,0,1,NETWORK_DELAY
698,0,0,1,1,1,0,1,DATABASE_ISSUE
699,1,0,1,1,1,1,0,DATABASE_ISSUE
700,0,0,1,1,1,0,0,DATABASE_ISSUE
701,0,1,0,1,1,0,1,DATABASE_ISSUE
702,0,1,0,0,1,1,1,DATABASE_ISSUE
703,0,1,1,1,1,0,0,DATABASE_ISSUE
704,1,0,1,1,1,1,0,DATABASE_ISSUE
705,1,0,0,0,1,0,0,NETWORK_DELAY
706,0,0,1,0,1,1,0,NETWORK_DELAY
707,1,1,0,0,1,0,0,NETWORK_DELAY
708,0,1,1,1,1,1,0,DATABASE_ISSUE
709,1,1,0,1,1,0,0,DATABASE_ISSUE
710,0,0,1,0,0,1,0,MEMORY_LEAK
711,0,0,0,1,1,0,0,NETWORK_DELAY
712,1,0,0,0,0,1,0,MEMORY_LEAK
713,1,1,0,1,1,1,0,DATABASE_ISSUE
714,0,1,0,0,1,0,1,NETWORK_DELAY
715,1,1,1,1,1,0,1,DATABASE_ISSUE
716,0,0,0,0,1,0,1,NETWORK_DELAY
717,0,1,0,0,0,1,1,NETWORK_DELAY
718,0,0,0,1,0,0,0,MEMORY_LEAK
719,0,0,0,0,0,0,1,MEMORY_LEAK
720,1,0,0,1,0,1,0,NETWORK_DELAY
721,0,0,1,1,0,1,1,DATABASE_ISSUE
722,1,0,0,0,1,0,1,NETWORK_DELAY
723,1,1,0,0,0,1,0,MEMORY_LEAK
724,1,0,0,0,0,0,1,MEMORY_LEAK
725,1,1,0,1,0,0,1,NETWORK_DELAY
726,1,0,0,0,1,1,0,NETWORK_DELAY
727,1,0,1,1,0,0,0,NETWORK_DELAY
728,1,1,0,1,1,0,0,DATABASE_ISSUE
729,1,1,1,0,1,0,0,DATABASE_ISSUE
730,0,1,1,0,0,1,1,NETWORK_DELAY
731,1,0,0,0,0,1,1,MEMORY_LEAK
732,1,0,0,1,1,0,0,NETWORK_DELAY
733,0,1,0,1,1,1,1,DATABASE_ISSUE
734,0,1,1,1,0,1,0,DATABASE_ISSUE
735,0,0,1,0,0,0,0,MEMORY_LEAK
736,1,0,0,0,1,0,1,NETWORK_DELAY
737,0,0,1,1,0,1,1,DATABASE_ISSUE
738,1,1,1,1,1,1,1,DATABASE_ISSUE
739,0,0,0,0,0,1,1,MEMORY_LEAK
740,0,0,0,0,0,1,1,MEMORY_LEAK
741,1,0,0,1,1,0,0,NETWORK_DELAY
742,0,1,0,1,1,0,1,DATABASE_ISSUE
743,0,1,0,0,0,0,0,MEMORY_LEAK
744,1,0,0,0,0,0,1,MEMORY_LEAK
745,1,0,1,1,0,1,1,DATABASE_ISSUE
746,0,0,1,0,1,1,0,NETWORK_DELAY
747,0,0,0,0,1,0,0,NETWORK_DELAY
748,0,0,0,1,0,0,0,MEMORY_LEAK
749,1,1,1,1,0,0,0,DATABASE_ISSUE
750,0,0,1,0,1,0,0,NETWORK_DELAY
751,1,1,0,1,0,0,1,NETWORK_DELAY
752,1,0,1,1,0,1,1,DATABASE_ISSUE
753,0,1,1,1,1,1,1,DATABASE_ISSUE
754,0,0,0,0,0,1,1,MEMORY_LEAK
755,0,1,0,1,1,0,0,DATABASE_ISSUE
756,0,0,1,0,1,0,0,NETWORK_DELAY
757,1,0,1,1,0,0,1,NETWORK_DELAY
758,1,0,1,1,0,1,0,NETWORK_DELAY
759,1,1,1,0,0,1,0,NETWORK_DELAY
760,0,1,1,1,0,1,1,DATABASE_ISSUE
761,1,0,0,0,0,0,0,MEMORY_LEAK
762,1,0,1,1,1,0,0,DATABASE_ISSUE
763,1,0,0,1,0,1,0,NETWORK_DELAY
764,1,1,1,0,0,1,0,NETWORK_DELAY
765,0,1,1,1,1,1,1,DATABASE_ISSUE
766,1,0,0,1,1,1,1,DATABASE_ISSUE
767,1,0,1,1,1,0,0,DATABASE_ISSUE
768,1,0,0,0,1,1,0,NETWORK_DELAY
769,1,0,1,0,1,0,0,NETWORK_DELAY
770,0,1,1,1,0,0,1,DATABASE_ISSUE
771,0,0,1,1,0,0,1,NETWORK_DELAY
772,1,1,0,1,1,0,1,DATABASE_ISSUE
773,0,1,0,0,1,0,1,NETWORK_DELAY
774,0,1,0,1,1,1,0,DATABASE_ISSUE
775,0,0,1,1,0,0,0,NETWORK_DELAY
776,0,0,1,1,1,0,1,DATABASE_ISSUE
777,1,1,1,1,0,0,1,DATABASE_ISSUE
778,1,0,0,0,0,1,1,MEMORY_LEAK
779,0,0,0,1,0,0,0,MEMORY_LEAK
780,1,1,0,0,0,1,1,NETWORK_DELAY
781,0,1,1,1,0,1,0,DATABASE_ISSUE
782,1,1,1,1,0,0,0,DATABASE_ISSUE
783,1,1,0,0,0,0,0,MEMORY_LEAK
784,0,0,1,1,1,0,0,DATABASE_ISSUE
785,1,0,0,1,0,0,0,MEMORY_LEAK
786,1,0,1,0,0,1,1,NETWORK_DELAY
787,0,0,1,1,0,0,0,NETWORK_DELAY
788,0,1,0,1,1,0,0,DATABASE_ISSUE
789,1,1,1,0,0,1,0,NETWORK_DELAY
790,1,0,1,1,0,1,0,NETWORK_DELAY
791,0,1,0,0,0,0,0,MEMORY_LEAK
792,0,0,0,1,1,1,0,DATABASE_ISSUE
793,0,0,0,1,1,0,1,DATABASE_ISSUE
794,0,0,1,1,1,0,0,DATABASE_ISSUE
795,1,0,1,1,0,0,0,NETWORK_DELAY
796,1,1,0,1,1,0,1,DATABASE_ISSUE
797,1,1,1,1,0,0,0,DATABASE_ISSUE
798,0,0,0,0,0,0,0,MEMORY_LEAK
799,1,1,0,1,1,1,1,DATABASE_ISSUE
800,0,1,0,1,1,0,0,DATABASE_ISSUE
801,1,0,1,0,0,1,1,NETWORK_DELAY
802,1,1,1,1,1,1,0,DATABASE_ISSUE
803,0,1,1,0,1,1,1,DATABASE_ISSUE
804,1,1,1,0,1,1,1,DATABASE_ISSUE
805,0,0,0,1,1,1,1,DATABASE_ISSUE
806,1,0,0,0,0,0,1,MEMORY_LEAK
807,1,1,1,1,1,0,1,DATABASE_ISSUE
808,1,0,0,0,0,1,0,MEMORY_LEAK
809,0,1,0,0,0,1,1,NETWORK_DELAY
810,0,0,0,1,0,1,0,NETWORK_DELAY
811,1,1,1,0,0,1,0,NETWORK_DELAY
812,0,1,1,0,1,0,0,DATABASE_ISSUE
813,1,0,1,1,1,1,0,DATABASE_ISSUE
814,0,1,0,1,1,1,0,DATABASE_ISSUE
815,1,1,1,0,0,0,0,NETWORK_DELAY
816,1,0,1,1,1,0,1,DATABASE_ISSUE
817,0,1,1,1,1,1,0,DATABASE_ISSUE
818,1,0,0,1,1,0,0,NETWORK_DELAY
819,1,0,1,0,0,1,1,NETWORK_DELAY
820,1,0,1,0,1,0,0,NETWORK_DELAY
821,1,1,0,0,0,0,0,MEMORY_LEAK
822,1,1,0,1,1,0,1,DATABASE_ISSUE
823,0,0,0,0,0,0,1,MEMORY_LEAK
824,1,0,1,0,1,0,1,DATABASE_ISSUE
825,1,1,0,1,1,1,1,DATABASE_ISSUE
826,1,1,0,0,0,1,1,NETWORK_DELAY
827,0,0,1,1,0,0,0,NETWORK_DELAY
828,1,1,0,0,0,1,1,NETWORK_DELAY
829,1,1,1,0,0,1,0,NETWORK_DELAY
830,1,0,0,0,1,1,0,NETWORK_DELAY
831,1,0,0,0,0,1,1,MEMORY_LEAK
832,1,0,0,1,0,1,0,NETWORK_DELAY
833,0,0,1,1,1,0,0,DATABASE_ISSUE
834,1,1,0,0,1,1,0,NETWORK_DELAY
835,0,1,0,0,0,1,1,NETWORK_DELAY
836,1,0,1,0,0,0,0,MEMORY_LEAK
837,0,1,0,1,1,0,1,DATABASE_ISSUE
838,1,0,1,1,1,1,0,DATABASE_ISSUE
839,0,1,1,0,1,1,0,DATABASE_ISSUE
840,1,1,1,1,1,0,0,DATABASE_ISSUE
841,1,0,1,1,1,1,0,DATABASE_ISSUE
842,0,0,0,1,0,0,1,NETWORK_DELAY
843,0,0,1,1,0,1,0,NETWORK_DELAY
844,0,1,1,1,0,1,1,DATABASE_ISSUE
845,0,0,1,0,1,1,1,DATABASE_ISSUE
846,0,0,0,0,1,0,1,NETWORK_DELAY
847,0,0,0,1,0,0,1,NETWORK_DELAY
848,1,0,0,1,1,0,1,DATABASE_ISSUE
849,0,1,1,1,1,1,1,DATABASE_ISSUE
850,1,1,1,0,1,0,1,DATABASE_ISSUE
851,0,1,0,1,1,1,1,DATABASE_ISSUE
852,1,0,1,0,0,0,0,MEMORY_LEAK
853,0,1,1,1,0,0,1,DATABASE_ISSUE
854,1,0,0,1,0,0,1,NETWORK_DELAY
855,1,0,0,0,0,1,0,MEMORY_LEAK
856,1,0,0,1,0,0,0,MEMORY_LEAK
857,1,0,1,0,0,1,1,NETWORK_DELAY
858,1,1,0,1,0,1,0,NETWORK_DELAY
859,0,0,1,1,1,0,1,DATABASE_ISSUE
860,0,1,0,1,1,1,0,DATABASE_ISSUE
861,0,1,0,0,0,0,0,MEMORY_LEAK
862,1,0,1,0,0,1,0,MEMORY_LEAK
863,1,1,1,1,1,1,1,DATABASE_ISSUE
864,0,1,1,0,0,0,0,NETWORK_DELAY
865,0,0,1,1,1,0,1,DATABASE_ISSUE
866,1,0,0,0,1,1,0,NETWORK_DELAY
867,0,1,0,1,1,0,0,DATABASE_ISSUE
868,1,0,0,0,1,1,0,NETWORK_DELAY
869,0,1,1,0,0,0,1,NETWORK_DELAY
870,0,0,0,1,0,1,0,NETWORK_DELAY
871,0,1,0,1,1,0,1,DATABASE_ISSUE
872,1,1,1,0,1,0,0,DATABASE_ISSUE
873,1,0,0,1,1,1,0,DATABASE_ISSUE
874,1,0,1,1,0,1,1,DATABASE_ISSUE
875,0,1,1,1,1,1,0,DATABASE_ISSUE
876,0,1,1,1,0,0,0,NETWORK_DELAY
877,0,1,1,0,1,1,0,DATABASE_ISSUE
878,0,0,0,0,0,1,1,MEMORY_LEAK
879,1,0,0,1,1,0,1,DATABASE_ISSUE
880,1,0,1,0,0,0,0,MEMORY_LEAK
881,0,1,1,0,0,1,0,NETWORK_DELAY
882,0,0,1,0,0,0,0,MEMORY_LEAK
883,1,0,1,0,1,1,1,DATABASE_ISSUE
884,0,0,0,0,0,0,0,MEMORY_LEAK
885,0,0,0,0,1,1,0,NETWORK_DELAY
886,1,0,1,1,1,1,0,DATABASE_ISSUE
887,1,0,1,1,0,1,1,DATABASE_ISSUE
888,1,1,0,0,1,1,0,NETWORK_DELAY
889,0,1,0,0,1,0,0,NETWORK_DELAY
890,1,1,1,0,1,0,1,DATABASE_ISSUE
891,1,1,1,0,1,0,1,DATABASE_ISSUE
892,1,1,0,1,0,0,1,NETWORK_DELAY
893,0,0,0,1,0,1,1,NETWORK_DELAY
894,1,1,1,0,0,1,0,NETWORK_DELAY
895,0,0,1,1,0,0,1,NETWORK_DELAY
896,0,0,0,0,1,0,1,NETWORK_DELAY
897,1,1,0,0,1,1,1,DATABASE_ISSUE
898,1,1,1,1,1,0,0,DATABASE_ISSUE
899,0,1,1,0,1,1,0,DATABASE_ISSUE
900,1,0,1,0,0,1,1,NETWORK_DELAY
901,1,0,1,1,1,1,0,DATABASE_ISSUE
902,0,0,1,0,0,0,0,MEMORY_LEAK
903,1,1,1,1,1,1,0,DATABASE_ISSUE
904,1,0,0,0,0,1,0,MEMORY_LEAK
905,0,1,1,0,0,1,0,NETWORK_DELAY
906,1,0,1,1,1,0,0,DATABASE_ISSUE
907,0,0,1,0,0,0,0,MEMORY_LEAK
908,0,1,1,0,0,0,0,NETWORK_DELAY
909,1,0,1,1,0,0,0,NETWORK_DELAY
910,0,0,0,0,0,1,1,MEMORY_LEAK
911,0,1,1,0,0,0,0,NETWORK_DELAY
912,0,0,1,0,0,1,0,MEMORY_LEAK
913,1,1,1,0,1,1,1,DATABASE_ISSUE
914,0,1,0,1,0,1,0,NETWORK_DELAY
915,1,1,0,1,1,1,1,DATABASE_ISSUE
916,0,0,0,0,0,0,1,MEMORY_LEAK
917,0,1,0,1,0,1,0,NETWORK_DELAY
918,0,0,0,0,1,0,0,NETWORK_DELAY
919,1,0,1,0,1,0,0,NETWORK_DELAY
920,1,1,0,1,0,1,1,DATABASE_ISSUE
921,1,1,0,1,1,1,1,DATABASE_ISSUE
922,1,1,0,0,0,0,1,NETWORK_DELAY
923,0,0,0,0,0,0,0,MEMORY_LEAK
924,1,0,0,1,0,1,1,NETWORK_DELAY
925,0,0,0,0,0,0,1,MEMORY_LEAK
926,0,1,1,0,0,1,1,NETWORK_DELAY
927,0,0,1,1,0,0,1,NETWORK_DELAY
928,1,1,1,0,0,1,0,NETWORK_DELAY
929,1,0,1,1,0,0,1,NETWORK_DELAY
930,1,0,1,1,0,1,1,DATABASE_ISSUE
931,1,1,1,1,0,1,0,DATABASE_ISSUE
932,0,0,1,0,1,0,0,NETWORK_DELAY
933,1,1,0,1,1,0,0,DATABASE_ISSUE
934,0,0,1,1,1,0,0,DATABASE_ISSUE
935,1,0,1,1,0,0,0,NETWORK_DELAY
936,0,1,1,1,0,0,0,NETWORK_DELAY
937,1,1,1,0,0,0,1,NETWORK_DELAY
938,1,1,0,1,0,0,0,NETWORK_DELAY
939,1,0,1,1,0,0,1,NETWORK_DELAY
940,0,1,0,0,0,0,0,MEMORY_LEAK
941,0,1,0,1,0,0,0,NETWORK_DELAY
942,0,0,1,0,1,1,0,NETWORK_DELAY
943,0,1,0,0,0,1,1,NETWORK_DELAY
944,0,1,0,0,1,0,0,NETWORK_DELAY
945,1,0,0,1,0,1,1,NETWORK_DELAY
946,1,1,1,0,0,0,1,NETWORK_DELAY
947,0,1,1,0,1,0,0,DATABASE_ISSUE
948,1,0,1,1,0,0,1,NETWORK_DELAY
949,1,1,1,0,1,0,1,DATABASE_ISSUE
950,1,1,0,0,1,0,0,NETWORK_DELAY
951,0,0,0,1,0,1,1,NETWORK_DELAY
952,0,1,0,0,1,1,1,DATABASE_ISSUE
953,1,0,0,0,0,1,0,MEMORY_LEAK
954,1,1,1,0,0,1,1,NETWORK_DELAY
955,0,0,1,1,0,0,1,NETWORK_DELAY
956,0,0,0,0,0,0,1,MEMORY_LEAK
957,0,1,1,0,0,1,1,NETWORK_DELAY
958,0,1,0,1,0,0,0,NETWORK_DELAY
959,1,1,1,1,0,1,0,DATABASE_ISSUE
960,1,0,0,0,0,1,1,MEMORY_LEAK
961,0,0,0,0,0,1,0,MEMORY_LEAK
962,0,1,0,1,0,1,0,NETWORK_DELAY
963,0,1,0,0,0,1,1,NETWORK_DELAY
964,1,1,0,1,1,1,0,DATABASE_ISSUE
965,0,0,0,1,1,0,0,NETWORK_DELAY
966,1,0,1,0,1,1,0,NETWORK_DELAY
967,1,0,1,1,1,1,0,DATABASE_ISSUE
968,1,1,1,0,1,0,1,DATABASE_ISSUE
969,1,0,1,0,1,1,1,DATABASE_ISSUE
970,1,1,0,0,1,0,0,NETWORK_DELAY
971,0,0,1,0,0,0,1,NETWORK_DELAY
972,0,0,0,1,0,1,1,NETWORK_DELAY
973,1,0,1,1,0,0,1,NETWORK_DELAY
974,1,1,1,1,1,1,0,DATABASE_ISSUE
975,1,1,1,1,0,0,0,DATABASE_ISSUE
976,1,0,0,1,1,0,0,NETWORK_DELAY
977,0,0,0,1,0,1,0,NETWORK_DELAY
978,1,1,0,0,1,0,1,DATABASE_ISSUE
979,1,0,0,0,1,0,1,NETWORK_DELAY
980,0,0,0,0,0,0,1,MEMORY_LEAK
981,0,1,1,0,0,0,1,NETWORK_DELAY
982,0,1,1,1,0,0,1,DATABASE_ISSUE
983,0,1,1,1,0,0,0,NETWORK_DELAY
984,1,1,1,0,1,1,1,DATABASE_ISSUE
985,1,1,1,1,0,0,1,DATABASE_ISSUE
986,1,0,1,1,1,0,0,DATABASE_ISSUE
987,1,1,1,0,0,0,1,NETWORK_DELAY
988,0,1,0,0,0,1,1,NETWORK_DELAY
989,0,0,0,1,0,0,1,NETWORK_DELAY
990,0,0,0,0,1,0,1,NETWORK_DELAY
991,0,1,0,1,0,1,1,NETWORK_DELAY
992,1,1,0,0,1,0,1,DATABASE_ISSUE
993,1,0,1,0,0,1,1,NETWORK_DELAY
994,0,0,0,0,1,0,0,NETWORK_DELAY
995,1,0,0,1,1,0,1,DATABASE_ISSUE
996,0,1,1,0,0,0,0,NETWORK_DELAY
997,1,1,1,0,1,0,0,DATABASE_ISSUE
998,1,0,1,1,1,0,1,DATABASE_ISSUE
999,1,0,0,1,1,0,0,NETWORK_DELAY
1000,0,0,0,1,0,0,1,NETWORK_DELAY
